ID,PREDICTED
1200,neutral
1201,neutral
1202,neutral
1203,neutral
1204,neutral
1205,neutral
1206,neutral
1207,neutral
1208,neutral
1209,neutral
1210,neutral
1211,neutral
1212,neutral
1213,neutral
1214,neutral
1215,neutral
1216,neutral
1217,neutral
1218,neutral
1219,neutral
1220,neutral
1221,neutral
1222,neutral
1223,neutral
1224,neutral
1225,neutral
1226,neutral
1227,neutral
1228,neutral
1229,neutral
1230,neutral
1231,neutral
1232,neutral
1233,neutral
1234,neutral
1235,neutral
1236,neutral
1237,neutral
1238,neutral
1239,neutral
1240,neutral
1241,neutral
1242,neutral
1243,neutral
1244,neutral
1245,neutral
1246,positive
1247,neutral
1248,neutral
1249,neutral
1250,neutral
1251,neutral
1252,neutral
1253,neutral
1254,neutral
1255,neutral
1256,neutral
1257,neutral
1258,neutral
1259,neutral
1260,positive
1261,neutral
1262,neutral
1263,neutral
1264,neutral
1265,neutral
1266,neutral
1267,neutral
1268,neutral
1269,neutral
1270,negative
1271,neutral
1272,neutral
1273,neutral
1274,neutral
1275,neutral
1276,neutral
1277,neutral
1278,neutral
1279,neutral
1280,neutral
1281,neutral
1282,neutral
1283,neutral
1284,neutral
1285,neutral
1286,neutral
1287,neutral
1288,neutral
1289,neutral
1290,neutral
1291,neutral
1292,neutral
1293,neutral
1294,neutral
1295,neutral
1296,neutral
1297,neutral
1298,neutral
1299,neutral
1300,neutral
1301,neutral
1302,neutral
1303,neutral
1304,neutral
1305,neutral
1306,neutral
1307,neutral
1308,neutral
1309,neutral
1310,neutral
1311,neutral
1312,neutral
1313,neutral
1314,positive
1315,neutral
1316,neutral
1317,neutral
1318,neutral
1319,neutral
1320,neutral
1321,neutral
1322,neutral
1323,neutral
1324,neutral
1325,neutral
1326,neutral
1327,neutral
1328,neutral
1329,neutral
1330,neutral
1331,neutral
1332,positive
1333,neutral
1334,neutral
1335,neutral
1336,neutral
1337,neutral
1338,neutral
1339,neutral
1340,neutral
1341,neutral
1342,neutral
1343,neutral
1344,neutral
1345,neutral
1346,neutral
1347,neutral
1348,neutral
1349,neutral
1350,neutral
1351,neutral
1352,neutral
1353,neutral
1354,neutral
1355,neutral
1356,neutral
1357,neutral
1358,neutral
1359,neutral
1360,neutral
1361,neutral
1362,neutral
1363,neutral
1364,neutral
1365,neutral
1366,neutral
1367,neutral
1368,neutral
1369,positive
1370,neutral
1371,neutral
1372,neutral
1373,neutral
1374,neutral
1375,neutral
1376,neutral
1377,positive
1378,positive
1379,neutral
1380,neutral
1381,neutral
1382,neutral
1383,neutral
1384,neutral
1385,neutral
1386,neutral
1387,neutral
1388,negative
1389,positive
1390,neutral
1391,positive
1392,neutral
1393,positive
1394,positive
1395,positive
1396,neutral
1397,neutral
1398,negative
1399,neutral
1400,neutral
1401,positive
1402,neutral
1403,neutral
1404,positive
1405,neutral
1406,neutral
1407,neutral
1408,neutral
1409,positive
1410,neutral
1411,neutral
1412,neutral
1413,neutral
1414,neutral
1415,neutral
1416,positive
1417,neutral
1418,positive
1419,neutral
1420,neutral
1421,neutral
1422,neutral
1423,positive
1424,neutral
1425,neutral
1426,neutral
1427,positive
1428,neutral
1429,neutral
1430,neutral
1431,positive
1432,neutral
1433,neutral
1434,positive
1435,neutral
1436,neutral
1437,positive
1438,neutral
1439,neutral
1440,neutral
1441,neutral
1442,positive
1443,positive
1444,positive
1445,neutral
1446,neutral
1447,positive
1448,positive
1449,neutral
1450,neutral
1451,neutral
1452,neutral
1453,positive
1454,neutral
1455,neutral
1456,positive
1457,neutral
1458,positive
1459,positive
1460,neutral
1461,neutral
1462,negative
1463,neutral
1464,neutral
1465,positive
1466,positive
1467,positive
1468,neutral
1469,neutral
1470,positive
1471,neutral
1472,neutral
1473,neutral
1474,neutral
1475,positive
1476,neutral
1477,neutral
1478,neutral
1479,neutral
1480,positive
1481,neutral
1482,neutral
1483,neutral
1484,neutral
1485,neutral
1486,neutral
1487,neutral
1488,neutral
1489,positive
1490,neutral
1491,neutral
1492,neutral
1493,positive
1494,neutral
1495,positive
1496,positive
1497,neutral
1498,neutral
1499,positive
